datetime,variable,observation,site_id
2015-09-08,wood,49.15430021240488,OSBS
2015-09-08,som,NA,OSBS
2016-09-15,wood,49.272955305070305,OSBS
2016-09-15,som,NA,OSBS
2018-01-17,wood,49.80876446553998,OSBS
2018-01-17,som,NA,OSBS
2024-01-30,wood,45.74935851384219,OSBS
2024-01-30,som,NA,OSBS
2017-12-27,wood,NA,OSBS
2017-12-27,som,NA,OSBS
2019-01-14,wood,NA,OSBS
2019-01-14,som,NA,OSBS
2020-01-16,wood,NA,OSBS
2020-01-16,som,NA,OSBS
2021-02-22,wood,NA,OSBS
2021-02-22,som,NA,OSBS
2021-12-02,wood,NA,OSBS
2021-12-02,som,NA,OSBS
2022-11-08,wood,NA,OSBS
2022-11-08,som,NA,OSBS
2016-01-01,wood,NA,OSBS
2016-01-01,som,NA,OSBS
2021-01-01,wood,NA,OSBS
2021-01-01,som,NA,OSBS
2012-01-01,wood,NA,OSBS
2012-01-01,som,201.94351337609152,OSBS
2012-01-01,lai,1,OSBS
2012-01-09,lai,1.1,OSBS
2012-01-17,lai,0.9,OSBS
2012-01-25,lai,1,OSBS
2012-02-02,lai,1.2000000000000002,OSBS
2012-02-10,lai,1.3,OSBS
2012-02-18,lai,1.2000000000000002,OSBS
2012-02-26,lai,1.3,OSBS
2012-03-13,lai,1.3,OSBS
2012-03-21,lai,1.8,OSBS
2012-04-06,lai,2.1,OSBS
2012-05-16,lai,1.9000000000000001,OSBS
2012-06-01,lai,2,OSBS
2012-06-09,lai,2,OSBS
2012-06-25,lai,1.9000000000000001,OSBS
2012-08-04,lai,1.8,OSBS
2012-08-20,lai,1.7000000000000002,OSBS
2012-08-28,lai,1.7000000000000002,OSBS
2012-09-05,lai,1.8,OSBS
2012-09-13,lai,1.6,OSBS
2012-09-21,lai,1.4000000000000001,OSBS
2012-10-07,lai,1.4000000000000001,OSBS
2012-10-31,lai,1.4000000000000001,OSBS
2012-11-16,lai,1.3,OSBS
2012-12-02,lai,0.9,OSBS
2012-12-10,lai,0.9,OSBS
2012-12-18,lai,1,OSBS
2012-12-26,lai,0.8,OSBS
2013-01-01,lai,0.7000000000000001,OSBS
2013-01-09,lai,0.9,OSBS
2013-01-17,lai,0.9,OSBS
2013-01-25,lai,1,OSBS
2013-02-02,lai,0.8,OSBS
2013-02-10,lai,1.1,OSBS
2013-02-18,lai,1,OSBS
2013-03-14,lai,0.9,OSBS
2013-04-15,lai,1.6,OSBS
2013-05-01,lai,1.4000000000000001,OSBS
2013-06-18,lai,1.7000000000000002,OSBS
2013-07-04,lai,1.5,OSBS
2013-08-13,lai,1.7000000000000002,OSBS
2013-09-30,lai,1.2000000000000002,OSBS
2013-10-16,lai,1.5,OSBS
2013-11-01,lai,0.9,OSBS
2013-11-09,lai,1.1,OSBS
2013-11-17,lai,1,OSBS
2013-12-03,lai,0.9,OSBS
2013-12-11,lai,1,OSBS
2013-12-19,lai,1,OSBS
2013-12-27,lai,0.9,OSBS
2014-01-01,lai,0.9,OSBS
2014-01-17,lai,1,OSBS
2014-02-02,lai,1.1,OSBS
2014-02-18,lai,1.2000000000000002,OSBS
2014-03-06,lai,1.2000000000000002,OSBS
2014-03-14,lai,1.2000000000000002,OSBS
2014-03-22,lai,1.2000000000000002,OSBS
2014-04-15,lai,1.3,OSBS
2014-04-23,lai,1.5,OSBS
2014-05-09,lai,2,OSBS
2014-05-25,lai,1.4000000000000001,OSBS
2014-06-02,lai,1.6,OSBS
2014-06-10,lai,1.9000000000000001,OSBS
2014-06-18,lai,2.1,OSBS
2014-07-12,lai,2,OSBS
2014-07-28,lai,1.9000000000000001,OSBS
2014-08-05,lai,2,OSBS
2014-08-13,lai,1.7000000000000002,OSBS
2014-08-21,lai,1.8,OSBS
2014-09-06,lai,1,OSBS
2014-10-08,lai,1.5,OSBS
2014-10-24,lai,1.4000000000000001,OSBS
2014-11-17,lai,1,OSBS
2014-12-19,lai,1.2000000000000002,OSBS
2014-12-27,lai,1,OSBS
2015-01-25,lai,1,OSBS
2015-02-02,lai,1.1,OSBS
2015-02-10,lai,1.4000000000000001,OSBS
2015-02-18,lai,1.2000000000000002,OSBS
2015-03-06,lai,1.2000000000000002,OSBS
2015-03-14,lai,1.6,OSBS
2015-03-30,lai,1.8,OSBS
2015-05-01,lai,1.8,OSBS
2015-05-17,lai,1.7000000000000002,OSBS
2015-05-25,lai,1.9000000000000001,OSBS
2015-06-10,lai,2.2,OSBS
2015-06-26,lai,2.1,OSBS
2015-07-04,lai,2.1,OSBS
2015-07-12,lai,1.5,OSBS
2015-07-20,lai,1.9000000000000001,OSBS
2015-07-28,lai,1.9000000000000001,OSBS
2015-08-05,lai,2,OSBS
2015-08-21,lai,1.7000000000000002,OSBS
2015-08-29,lai,2,OSBS
2015-10-08,lai,1.6,OSBS
2015-10-24,lai,1.2000000000000002,OSBS
2015-11-01,lai,1.4000000000000001,OSBS
2015-11-17,lai,1.3,OSBS
2016-01-17,lai,0.9,OSBS
2016-01-25,lai,1.1,OSBS
2016-02-10,lai,1.3,OSBS
2016-02-26,lai,1.2000000000000002,OSBS
2016-03-13,lai,1.6,OSBS
2016-03-21,lai,1.2000000000000002,OSBS
2016-03-29,lai,1.8,OSBS
2016-04-30,lai,1.8,OSBS
2016-05-08,lai,1.9000000000000001,OSBS
2016-05-16,lai,2.1,OSBS
2016-05-24,lai,1.8,OSBS
2016-06-01,lai,2,OSBS
2016-06-09,lai,2.1,OSBS
2016-06-25,lai,1.5,OSBS
2016-07-19,lai,2.5,OSBS
2016-11-24,lai,1.2000000000000002,OSBS
2016-12-10,lai,1.1,OSBS
2016-12-18,lai,1,OSBS
2016-12-26,lai,1.1,OSBS
2017-01-01,lai,0.9,OSBS
2017-01-09,lai,1.1,OSBS
2017-01-17,lai,1,OSBS
2017-01-25,lai,1,OSBS
2017-02-02,lai,1.4000000000000001,OSBS
2017-02-10,lai,1.4000000000000001,OSBS
2017-02-18,lai,1.4000000000000001,OSBS
2017-02-26,lai,1.4000000000000001,OSBS
2017-03-14,lai,1.4000000000000001,OSBS
2017-03-22,lai,1,OSBS
2017-03-30,lai,1.7000000000000002,OSBS
2017-04-07,lai,1.8,OSBS
2017-05-01,lai,1.8,OSBS
2017-05-09,lai,1.9000000000000001,OSBS
2017-05-17,lai,1.9000000000000001,OSBS
2017-05-25,lai,1.8,OSBS
2017-06-18,lai,1.6,OSBS
2017-07-20,lai,2.5,OSBS
2017-08-29,lai,1.9000000000000001,OSBS
2017-09-06,lai,1.8,OSBS
2017-09-14,lai,1.9000000000000001,OSBS
2017-11-09,lai,1.5,OSBS
2018-01-01,lai,0.9,OSBS
2018-01-09,lai,1,OSBS
2018-01-17,lai,1.1,OSBS
2018-01-25,lai,1,OSBS
2018-02-02,lai,1.4000000000000001,OSBS
2018-02-10,lai,1.2000000000000002,OSBS
2018-02-18,lai,1.2000000000000002,OSBS
2018-02-26,lai,1,OSBS
2018-03-14,lai,1,OSBS
2018-03-30,lai,1.5,OSBS
2018-04-07,lai,1.3,OSBS
2018-04-15,lai,1.5,OSBS
2018-06-18,lai,2,OSBS
2018-07-04,lai,1.5,OSBS
2018-07-28,lai,1.7000000000000002,OSBS
2018-08-13,lai,1.8,OSBS
2018-08-29,lai,1.8,OSBS
2018-09-30,lai,1.4000000000000001,OSBS
2018-11-17,lai,1.4000000000000001,OSBS
2018-12-19,lai,1,OSBS
2018-12-27,lai,1,OSBS
2019-01-01,lai,1,OSBS
2019-01-09,lai,0.8,OSBS
2019-01-17,lai,1,OSBS
2019-02-02,lai,1.2000000000000002,OSBS
2019-02-18,lai,1.6,OSBS
2019-03-14,lai,1.5,OSBS
2019-03-22,lai,1.7000000000000002,OSBS
2019-04-07,lai,1.4000000000000001,OSBS
2019-04-15,lai,1.6,OSBS
2019-04-23,lai,1.6,OSBS
2019-06-02,lai,1.6,OSBS
2019-06-26,lai,2,OSBS
2019-07-04,lai,1.6,OSBS
2019-07-12,lai,2,OSBS
2019-07-20,lai,1.3,OSBS
2019-07-28,lai,1.8,OSBS
2019-08-05,lai,1.9000000000000001,OSBS
2019-08-13,lai,1.4000000000000001,OSBS
2019-08-21,lai,1.6,OSBS
2019-09-06,lai,1.7000000000000002,OSBS
2019-09-14,lai,1.6,OSBS
2019-11-17,lai,1.1,OSBS
2019-12-03,lai,1,OSBS
2019-12-19,lai,1,OSBS
2019-12-27,lai,1,OSBS
2020-01-01,lai,1,OSBS
2020-01-09,lai,0.9,OSBS
2020-01-17,lai,1,OSBS
2020-01-25,lai,1.2000000000000002,OSBS
2020-02-02,lai,1.3,OSBS
2020-02-10,lai,1.1,OSBS
2020-02-26,lai,1.3,OSBS
2020-03-05,lai,1.1,OSBS
2020-03-13,lai,1,OSBS
2020-04-06,lai,1.6,OSBS
2020-04-30,lai,1.5,OSBS
2020-06-01,lai,1.5,OSBS
2020-06-09,lai,1.8,OSBS
2020-06-17,lai,1.8,OSBS
2020-07-11,lai,1.7000000000000002,OSBS
2020-08-20,lai,1.6,OSBS
2020-08-28,lai,1.5,OSBS
2020-09-05,lai,1.8,OSBS
2020-09-13,lai,1.8,OSBS
2020-10-07,lai,1.5,OSBS
2020-10-23,lai,1.3,OSBS
2020-12-02,lai,1.1,OSBS
2020-12-10,lai,0.9,OSBS
2020-12-18,lai,1.2000000000000002,OSBS
2020-12-26,lai,1.1,OSBS
2021-01-01,lai,1.1,OSBS
2021-01-09,lai,1,OSBS
2021-01-17,lai,1,OSBS
2021-01-25,lai,1.2000000000000002,OSBS
2021-02-10,lai,1.1,OSBS
2021-02-18,lai,1.2000000000000002,OSBS
2021-03-06,lai,1.3,OSBS
2021-03-22,lai,1.5,OSBS
2021-03-30,lai,1.6,OSBS
2021-04-07,lai,1.7000000000000002,OSBS
2021-04-15,lai,1.9000000000000001,OSBS
2021-04-23,lai,1.8,OSBS
2021-05-01,lai,1.6,OSBS
2021-05-17,lai,1.6,OSBS
2021-06-26,lai,1.3,OSBS
2021-07-12,lai,1.6,OSBS
2021-07-20,lai,1.5,OSBS
2021-07-28,lai,1.7000000000000002,OSBS
2021-08-13,lai,1.8,OSBS
2021-08-21,lai,1.4000000000000001,OSBS
2021-09-06,lai,1.2000000000000002,OSBS
2021-09-22,lai,1.6,OSBS
2021-09-30,lai,1.4000000000000001,OSBS
2021-11-17,lai,1,OSBS
2021-11-25,lai,1.1,OSBS
2021-12-11,lai,1,OSBS
2021-12-19,lai,1,OSBS
2021-12-27,lai,1,OSBS
2022-01-01,lai,0.9,OSBS
2022-01-09,lai,1,OSBS
2022-01-25,lai,1,OSBS
2022-02-10,lai,1.3,OSBS
2022-02-18,lai,1.2000000000000002,OSBS
2022-02-26,lai,1.2000000000000002,OSBS
2022-03-14,lai,1.5,OSBS
2022-03-22,lai,1.5,OSBS
2022-03-30,lai,1.5,OSBS
2022-04-15,lai,1.6,OSBS
2022-05-01,lai,1.3,OSBS
2022-05-09,lai,1.9000000000000001,OSBS
2022-05-17,lai,1.2000000000000002,OSBS
2022-06-02,lai,1.6,OSBS
2022-06-10,lai,1.8,OSBS
2022-07-12,lai,1.6,OSBS
2022-07-20,lai,1.5,OSBS
2022-07-28,lai,1.6,OSBS
2022-08-05,lai,1.4000000000000001,OSBS
2022-09-06,lai,1.7000000000000002,OSBS
2022-09-14,lai,1.8,OSBS
2022-09-22,lai,1.6,OSBS
2022-09-30,lai,1.5,OSBS
2022-10-24,lai,1.4000000000000001,OSBS
2022-11-17,lai,1,OSBS
2022-11-25,lai,1.1,OSBS
2022-12-03,lai,1,OSBS
2022-12-11,lai,1,OSBS
2022-12-19,lai,1,OSBS
2022-12-27,lai,1,OSBS
2023-01-09,lai,1,OSBS
2023-01-17,lai,0.9,OSBS
2023-01-25,lai,1,OSBS
2023-02-02,lai,1,OSBS
2023-02-10,lai,1.2000000000000002,OSBS
2023-02-18,lai,1.1,OSBS
2023-03-06,lai,1.3,OSBS
2023-03-14,lai,1.3,OSBS
2023-03-22,lai,1.3,OSBS
2023-03-30,lai,1.3,OSBS
2023-04-15,lai,1.5,OSBS
2023-04-23,lai,1.5,OSBS
2023-05-01,lai,1.6,OSBS
2023-05-09,lai,1.6,OSBS
2023-05-25,lai,1.8,OSBS
2023-06-02,lai,1.7000000000000002,OSBS
2023-06-18,lai,1.6,OSBS
2023-06-26,lai,1.9000000000000001,OSBS
2023-07-04,lai,1.9000000000000001,OSBS
2023-07-20,lai,1.7000000000000002,OSBS
2023-08-05,lai,1.6,OSBS
2023-08-13,lai,1.9000000000000001,OSBS
2023-08-21,lai,1.9000000000000001,OSBS
2023-09-22,lai,1.7000000000000002,OSBS
2023-10-16,lai,1.5,OSBS
2023-10-24,lai,1.5,OSBS
2023-11-09,lai,1,OSBS
2023-11-17,lai,1.1,OSBS
2023-11-25,lai,1,OSBS
2023-12-03,lai,1,OSBS
2023-12-11,lai,1,OSBS
2023-12-19,lai,1,OSBS
2023-12-27,lai,1.1,OSBS
2024-01-01,lai,1.1,OSBS
2024-01-17,lai,1,OSBS
2024-01-25,lai,1,OSBS
2024-02-02,lai,1.1,OSBS
2024-02-10,lai,1,OSBS
2024-02-18,lai,1.3,OSBS
2024-02-26,lai,1.2000000000000002,OSBS
2024-03-05,lai,1,OSBS
2024-03-13,lai,1.3,OSBS
2024-04-06,lai,1.6,OSBS
2024-04-14,lai,1.4000000000000001,OSBS
2024-04-22,lai,2.2,OSBS
2024-04-30,lai,1.7000000000000002,OSBS
2024-05-16,lai,1.3,OSBS
2024-06-17,lai,1,OSBS
2024-07-03,lai,1.6,OSBS
2024-07-11,lai,1,OSBS
2024-07-27,lai,1.1,OSBS
2024-08-04,lai,1.4000000000000001,OSBS
2024-08-28,lai,1.6,OSBS
2024-09-13,lai,1.5,OSBS
2024-09-21,lai,1.6,OSBS
2024-09-29,lai,1.4000000000000001,OSBS
2024-10-15,lai,1.7000000000000002,OSBS
2024-10-31,lai,1.2000000000000002,OSBS
2024-11-08,lai,1.2000000000000002,OSBS
2024-11-16,lai,1.1,OSBS
2024-12-10,lai,1,OSBS
2025-01-01,lai,1.1,OSBS
2025-01-25,lai,1,OSBS
2025-02-02,lai,1,OSBS
2025-02-10,lai,1,OSBS
2025-02-18,lai,0.7000000000000001,OSBS
2025-02-26,lai,1,OSBS
2019-09-16,nee,0.0029798069492790596,OSBS
2019-09-17,nee,0.006216195567320943,OSBS
2019-09-18,nee,-0.01860160654915351,OSBS
2019-09-19,nee,-0.009135048625193364,OSBS
2019-09-20,nee,-0.014214048500129993,OSBS
2019-09-21,nee,-0.008716686931803212,OSBS
2019-09-22,nee,-0.005516747059999204,OSBS
2019-09-23,nee,-0.009576638536604395,OSBS
2019-09-24,nee,-0.006555611103499252,OSBS
2019-09-25,nee,-0.004464460876693678,OSBS
2019-09-26,nee,-0.005128945236570615,OSBS
2019-09-27,nee,-0.001126148192756095,OSBS
2019-09-28,nee,0.0052396237171308665,OSBS
2019-09-29,nee,0.004689865177624407,OSBS
2019-09-30,nee,-0.013831533115424231,OSBS
2019-10-01,nee,-0.004463977013634432,OSBS
2019-10-02,nee,-0.005338813425189242,OSBS
2019-10-03,nee,-0.01888074868670689,OSBS
2019-10-04,nee,-0.0014749824391273798,OSBS
2019-10-05,nee,-0.01921220235783555,OSBS
2019-10-06,nee,-0.004899942120828511,OSBS
2019-10-07,nee,0.004863915078169492,OSBS
2019-10-09,nee,-0.004761480652981327,OSBS
2019-10-10,nee,-0.009202199437655939,OSBS
2019-10-11,nee,-0.007877354874067977,OSBS
2019-10-13,nee,0.006649125314815856,OSBS
2019-10-14,nee,0.006640117384554327,OSBS
2019-10-15,nee,0.0024128683993178187,OSBS
2019-10-16,nee,0.007459118458047395,OSBS
2019-10-17,nee,-0.011416987755725042,OSBS
2019-10-18,nee,0.002242213944771069,OSBS
2019-10-20,nee,0.0014543248061289022,OSBS
2019-10-22,nee,-0.003854475470786525,OSBS
2019-10-24,nee,0.007015880746929749,OSBS
2019-10-25,nee,0.012844893012947365,OSBS
2019-10-26,nee,0.00681172743179957,OSBS
2019-10-27,nee,0.01338466532065479,OSBS
2019-10-28,nee,0.007168128111084575,OSBS
2019-10-29,nee,-0.002367285502602195,OSBS
2019-10-30,nee,3.526526376152695e-4,OSBS
2019-11-05,nee,0.005973047472555175,OSBS
2019-11-06,nee,0.0019397667666749333,OSBS
2019-11-10,nee,-0.01569808616628348,OSBS
2019-11-11,nee,-0.009136187739681953,OSBS
2019-11-12,nee,-0.015702747513544495,OSBS
2019-11-13,nee,-0.014046822281788952,OSBS
2019-11-14,nee,-0.004652637006890432,OSBS
2019-11-19,nee,-0.006195060446002654,OSBS
2019-11-20,nee,-0.014747041437982625,OSBS
2019-11-21,nee,-0.012917768427307741,OSBS
2019-11-22,nee,-0.00452567028733497,OSBS
2019-11-23,nee,-0.009836046160983105,OSBS
2019-11-24,nee,-0.004245948111184296,OSBS
2019-12-17,nee,0.006982414372316429,OSBS
2019-12-18,nee,-0.002971933171241372,OSBS
2019-12-19,nee,-0.012488112608222846,OSBS
2019-12-20,nee,-0.008814012879729057,OSBS
2019-12-22,nee,0.026147754362867825,OSBS
2019-12-24,nee,0.009250853869582968,OSBS
2019-12-25,nee,-0.003182446001888513,OSBS
2019-12-26,nee,-0.007809073203949536,OSBS
2019-12-27,nee,0.003042820939085852,OSBS
2019-12-28,nee,-3.7985503508006886e-4,OSBS
2019-12-30,nee,0.02379721970876586,OSBS
2020-01-01,nee,-0.010459240591404673,OSBS
2020-01-02,nee,-0.012272934960181878,OSBS
2020-01-03,nee,-0.00291470788593383,OSBS
2020-01-04,nee,0.018979623125373265,OSBS
2020-01-06,nee,-0.010002196776212488,OSBS
2020-01-07,nee,-0.0157677560413377,OSBS
2020-01-08,nee,-0.009126638106521912,OSBS
2020-01-09,nee,-0.007854753688657267,OSBS
2020-01-10,nee,-2.990787286344522e-4,OSBS
2020-01-11,nee,0.01150054571714185,OSBS
2020-01-13,nee,0.006907838005780715,OSBS
2020-01-14,nee,0.009987342382129855,OSBS
2020-01-16,nee,0.0023537892106398448,OSBS
2020-01-17,nee,-0.00288787091466582,OSBS
2020-01-18,nee,-0.008916360727969634,OSBS
2020-01-19,nee,0.010954650348446268,OSBS
2020-01-20,nee,-0.005946086313697723,OSBS
2020-01-21,nee,-0.006994005723635951,OSBS
2020-01-22,nee,-0.004732018211590928,OSBS
2020-01-23,nee,-0.00199583267972972,OSBS
2020-01-24,nee,-0.001010067330430547,OSBS
2020-01-25,nee,-0.007082636937154899,OSBS
2020-01-26,nee,-0.012841705376067799,OSBS
2020-01-27,nee,-0.005187735524043957,OSBS
2020-01-28,nee,-0.014153650475085823,OSBS
2020-01-29,nee,0.002455703662943527,OSBS
2020-01-30,nee,-0.0017034861237194571,OSBS
2020-01-31,nee,-0.004486571379109839,OSBS
2020-02-03,nee,-0.019106570049635122,OSBS
2020-02-04,nee,-0.02508991209226152,OSBS
2020-02-05,nee,-0.010577197288889466,OSBS
2020-02-06,nee,-0.006349385871017112,OSBS
2020-02-10,nee,0.009150339448416896,OSBS
2020-02-11,nee,0.0010220906722404797,OSBS
2020-02-13,nee,0.006944142278272655,OSBS
2020-02-14,nee,0.005615330617977468,OSBS
2020-02-15,nee,-0.017213093418637703,OSBS
2020-02-16,nee,-0.005113117686729742,OSBS
2020-02-19,nee,-0.010040651488164338,OSBS
2020-02-20,nee,-0.004330155032591372,OSBS
2020-02-21,nee,-0.002691530992623897,OSBS
2020-02-22,nee,-0.01885913211479595,OSBS
2020-02-23,nee,-0.015745403145877763,OSBS
2020-02-24,nee,-0.017435634509757922,OSBS
2020-02-25,nee,0.02039707577899208,OSBS
2020-02-27,nee,-0.009490639409802876,OSBS
2020-02-28,nee,-0.011704599795341797,OSBS
2020-03-02,nee,-0.010920925553810855,OSBS
2020-03-03,nee,-0.0030676237041389704,OSBS
2020-03-04,nee,-0.004535244255231888,OSBS
2020-03-05,nee,0.00762805683650778,OSBS
2020-03-06,nee,2.3910182257483702e-5,OSBS
2020-03-07,nee,-0.011345488884957337,OSBS
2020-03-08,nee,-0.017894140915988524,OSBS
2020-03-09,nee,-0.009103001171040109,OSBS
2020-03-10,nee,-0.008462666743086735,OSBS
2020-03-11,nee,-0.008876272716530216,OSBS
2020-03-12,nee,0.014377378189813337,OSBS
2020-03-13,nee,-0.0011686256392053455,OSBS
2020-03-14,nee,-0.010352300513073447,OSBS
2020-03-15,nee,-0.006871689684836647,OSBS
2020-03-16,nee,5.309092632487139e-4,OSBS
2020-03-17,nee,-0.006742798892218463,OSBS
2020-03-20,nee,-0.004508429845089832,OSBS
2020-03-21,nee,0.010330351326732093,OSBS
2020-03-22,nee,-6.198151693646369e-4,OSBS
2020-03-23,nee,0.0033154670233256434,OSBS
2020-03-24,nee,-6.772348800609266e-4,OSBS
2020-03-25,nee,-1.618746454500536e-4,OSBS
2020-03-26,nee,-0.008241318761595954,OSBS
2020-03-27,nee,0.003110965261861664,OSBS
2020-03-28,nee,0.009933434216410601,OSBS
2020-03-29,nee,-0.0019894200954901366,OSBS
2020-03-30,nee,-0.012464413410714126,OSBS
2020-03-31,nee,-0.008333908647172292,OSBS
2020-04-01,nee,-4.57758339758471e-4,OSBS
2020-04-02,nee,-0.0186185446328447,OSBS
2020-04-03,nee,-0.027057872830664517,OSBS
2020-04-04,nee,-0.002383033593892999,OSBS
2020-04-05,nee,0.017644882456584347,OSBS
2020-04-06,nee,-0.016319710625130043,OSBS
2020-04-07,nee,-0.004576926184722851,OSBS
2020-04-08,nee,0.002911376690405668,OSBS
2020-04-09,nee,-5.002714131317527e-4,OSBS
2020-04-10,nee,-0.009772664774004436,OSBS
2020-04-11,nee,-0.023719705186839135,OSBS
2020-04-12,nee,-1.626869170154005e-4,OSBS
2020-04-13,nee,0.011495880937225075,OSBS
2020-04-14,nee,0.02515812454012418,OSBS
2020-04-16,nee,-0.03501998031275679,OSBS
2020-04-18,nee,0.018587574754534035,OSBS
2020-04-19,nee,-0.0017765210787040256,OSBS
2020-04-20,nee,0.003765703408285309,OSBS
2020-04-21,nee,-0.006626679739817172,OSBS
2020-04-22,nee,-0.01509879345118541,OSBS
2020-04-23,nee,-0.006087215951715229,OSBS
2020-04-24,nee,0.007672005105127803,OSBS
2020-04-25,nee,-0.01588381837600834,OSBS
2020-04-26,nee,-0.00997547597167104,OSBS
2020-04-27,nee,-0.017623882829786438,OSBS
2020-04-28,nee,-0.03217830377173981,OSBS
2020-04-29,nee,-0.017489242824698374,OSBS
2020-04-30,nee,-0.016396651797285996,OSBS
2020-05-01,nee,-0.017106657793090476,OSBS
2020-05-02,nee,-0.020552422952675686,OSBS
2020-05-04,nee,-0.007311172051694661,OSBS
2020-05-05,nee,-0.008439096515793729,OSBS
2020-05-06,nee,-0.008830718508177472,OSBS
2020-05-07,nee,-0.02074933746029585,OSBS
2020-05-08,nee,-0.02157508537407349,OSBS
2020-05-09,nee,-0.028014797150556527,OSBS
2020-05-10,nee,-0.001537163459738501,OSBS
2020-05-11,nee,-0.008555675145553844,OSBS
2020-05-18,nee,-0.011360718045364265,OSBS
2020-05-19,nee,-0.01411135062919989,OSBS
2020-05-20,nee,-0.01266937025844224,OSBS
2020-05-21,nee,-0.013664726386212944,OSBS
2020-05-22,nee,-0.003922088117921929,OSBS
2020-05-23,nee,0.00325723436987022,OSBS
2020-05-24,nee,-0.010249359157305502,OSBS
2020-05-25,nee,0.014659218547547431,OSBS
2020-05-26,nee,0.002310309327772101,OSBS
2020-05-27,nee,-0.007175359720139131,OSBS
2020-05-28,nee,0.026238787297744277,OSBS
2020-05-29,nee,-0.01517735146767109,OSBS
2020-05-31,nee,0.004508476114819365,OSBS
2020-06-01,nee,-0.01518139145302534,OSBS
2020-06-02,nee,-0.0234908411252357,OSBS
2020-06-03,nee,-0.011095640561815513,OSBS
2020-06-05,nee,-0.003743029478269004,OSBS
2020-06-08,nee,-0.01105821152992128,OSBS
2020-06-09,nee,-0.01979486261307484,OSBS
2020-06-10,nee,-0.0056112851867613535,OSBS
2020-06-11,nee,-0.0022628308365494356,OSBS
2020-06-12,nee,-0.0035490901812258654,OSBS
2020-06-13,nee,-0.04355888418234491,OSBS
2020-06-14,nee,-0.019430697347815648,OSBS
2020-06-15,nee,0.0012552217678306556,OSBS
2020-06-16,nee,-0.015427038042720864,OSBS
2020-06-17,nee,-0.021671295825029243,OSBS
2020-06-18,nee,-0.0219787966947283,OSBS
2020-06-19,nee,-0.014906313131321312,OSBS
2020-06-20,nee,-0.005640979236736577,OSBS
2020-06-21,nee,-0.008935310491763307,OSBS
2020-06-22,nee,-0.02339806792764415,OSBS
2020-06-23,nee,-0.007232915193738562,OSBS
2020-06-24,nee,0.015102083002932096,OSBS
2020-06-30,nee,-0.0012874023467761137,OSBS
2020-07-01,nee,-0.018073913196772533,OSBS
2020-07-02,nee,-0.020659838996446193,OSBS
2020-07-03,nee,-0.002977677071522678,OSBS
2020-07-04,nee,-0.030614711823902928,OSBS
2020-07-05,nee,0.002137497029569094,OSBS
2020-07-06,nee,-0.005369600231492526,OSBS
2020-07-07,nee,-0.011901761479854644,OSBS
2020-07-08,nee,-0.010144892126627525,OSBS
2020-07-10,nee,-0.022190457517778164,OSBS
2020-07-11,nee,0.001132549131528529,OSBS
2020-07-12,nee,-0.009725522779535416,OSBS
2020-07-13,nee,-0.01381919564755041,OSBS
2020-07-14,nee,-0.008076821042008502,OSBS
2020-07-17,nee,0.010264136442508237,OSBS
2020-07-18,nee,-0.01780931218129455,OSBS
2020-07-19,nee,-0.018103202237682067,OSBS
2020-07-20,nee,0.0029239166265330884,OSBS
2020-07-21,nee,-0.008727748316553024,OSBS
2020-07-22,nee,-0.005421901786100334,OSBS
2020-07-23,nee,0.001121977960586016,OSBS
2020-07-24,nee,-0.007672059223879585,OSBS
2020-07-25,nee,-0.008127787491546315,OSBS
2020-07-26,nee,0.007336100950606989,OSBS
2020-07-27,nee,-0.00861154410065685,OSBS
2020-07-28,nee,-0.014857815308706173,OSBS
2020-07-29,nee,0.019083532669398016,OSBS
2020-07-30,nee,-0.005409895095805243,OSBS
2020-07-31,nee,0.001778342203718645,OSBS
2020-08-02,nee,0.016651364083958557,OSBS
2020-08-04,nee,-0.0010605638493942564,OSBS
2020-08-05,nee,-0.0015917535837498295,OSBS
2020-08-08,nee,-0.043526739546067277,OSBS
2020-08-09,nee,-0.011363605533256117,OSBS
2020-08-10,nee,-0.009110084673694008,OSBS
2020-08-11,nee,0.010901376644844458,OSBS
2020-08-12,nee,-0.012317526261586309,OSBS
2020-08-13,nee,-0.023983866482456935,OSBS
2020-08-14,nee,0.0031384523620899903,OSBS
2020-08-15,nee,0.006992748869637724,OSBS
2020-08-16,nee,0.00257684204638288,OSBS
2020-08-17,nee,0.0022615381741023306,OSBS
2020-09-18,nee,0.0077238192775723,OSBS
2020-09-19,nee,0.03406842840760412,OSBS
2020-09-21,nee,-0.011573425624749514,OSBS
2020-09-22,nee,-0.007967086062252845,OSBS
2020-09-23,nee,-0.0023737198987730775,OSBS
2020-09-24,nee,-0.0027483978764259055,OSBS
2020-09-25,nee,-0.0021808388124977198,OSBS
2020-09-26,nee,-0.0058213139703267025,OSBS
2020-09-27,nee,0.00445435739577495,OSBS
2020-09-29,nee,0.0017340906410461018,OSBS
2020-09-30,nee,-0.016046979438195136,OSBS
2020-10-01,nee,-0.027848401755785505,OSBS
2020-10-02,nee,-0.01830455656050853,OSBS
2020-10-03,nee,-0.019932707677579733,OSBS
2020-10-04,nee,0.017817541332746774,OSBS
2020-10-06,nee,-0.0013205107130295965,OSBS
2020-10-07,nee,0.023423627714219606,OSBS
2020-10-08,nee,0.0011398051952661746,OSBS
2020-10-09,nee,0.009149801572556722,OSBS
2020-10-10,nee,-0.003773359875207487,OSBS
2020-10-11,nee,0.0036477394944129456,OSBS
2020-10-12,nee,-0.010453223208216044,OSBS
2020-10-13,nee,-0.017408357587703396,OSBS
2020-10-14,nee,-0.0040996882633620455,OSBS
2020-10-15,nee,-0.011795187291048661,OSBS
2020-10-16,nee,-0.015448835208752525,OSBS
2020-10-17,nee,-0.012132852308310295,OSBS
2020-10-18,nee,-0.0053854743392121865,OSBS
2020-10-19,nee,0.006293371609390291,OSBS
2020-10-20,nee,0.005614697609741766,OSBS
2020-10-21,nee,0.015610314500602065,OSBS
2020-10-23,nee,0.0134843766231429,OSBS
2020-10-24,nee,-0.010594826553849497,OSBS
2020-10-25,nee,5.17564573449585e-4,OSBS
2020-10-26,nee,0.004251760385959126,OSBS
2020-10-27,nee,0.01715476086318925,OSBS
2020-10-28,nee,0.002772228192265392,OSBS
2020-10-29,nee,0.004152273203251885,OSBS
2020-10-30,nee,-0.0026602116501040552,OSBS
2020-10-31,nee,-0.01669452347776067,OSBS
2020-11-01,nee,5.752235619343691e-4,OSBS
2020-11-02,nee,-0.003396317096664577,OSBS
2020-11-03,nee,-0.012726904136283773,OSBS
2020-11-04,nee,-0.0062791939027543675,OSBS
2020-11-05,nee,-0.011345146905783315,OSBS
2020-11-06,nee,-0.001456571295348631,OSBS
2020-11-07,nee,0.005082926785011814,OSBS
2020-11-08,nee,0.008564617355784761,OSBS
2020-11-09,nee,0.023246839576573912,OSBS
2020-11-10,nee,0.008143807588479025,OSBS
2020-11-11,nee,0.03305001224560875,OSBS
2020-11-14,nee,-0.02990986337813657,OSBS
2020-11-15,nee,0.002809952255384477,OSBS
2020-11-16,nee,-7.58626058554548e-4,OSBS
2020-11-17,nee,-0.007569896658298475,OSBS
2020-12-23,nee,-0.008876157238580927,OSBS
2020-12-24,nee,0.0024270169754628647,OSBS
2020-12-25,nee,-0.0060480304617988,OSBS
2020-12-26,nee,-0.006100183144084232,OSBS
2020-12-27,nee,-0.018634369510797787,OSBS
2020-12-28,nee,-0.006131689830769001,OSBS
2020-12-29,nee,-0.006942556605110426,OSBS
2020-12-30,nee,-0.008372870886924741,OSBS
2020-12-31,nee,2.29292567657464e-4,OSBS
2021-01-01,nee,0.007370223284172819,OSBS
2021-01-02,nee,0.011848869045174779,OSBS
2021-01-03,nee,0.0025083217495556944,OSBS
2021-01-04,nee,-0.009438132426185556,OSBS
2021-01-05,nee,-0.012560983763488005,OSBS
2021-01-06,nee,-0.012609427556626474,OSBS
2021-01-07,nee,-0.010746744775191932,OSBS
2021-01-08,nee,-0.006822714390143232,OSBS
2021-01-09,nee,-0.001773028846302863,OSBS
2021-01-10,nee,-0.012951424614223668,OSBS
2021-01-11,nee,-0.012910749141902432,OSBS
2021-01-12,nee,0.0056590704793252535,OSBS
2021-01-13,nee,-0.0035095249790398405,OSBS
2021-01-14,nee,-0.01299837651884978,OSBS
2021-01-15,nee,-0.013046321681778508,OSBS
2021-01-16,nee,-0.017311938991591246,OSBS
2021-01-17,nee,-0.021749033350435862,OSBS
2021-01-18,nee,-0.01128990229775392,OSBS
2021-01-19,nee,-0.023906458949565047,OSBS
2021-01-20,nee,-0.011181285204581885,OSBS
2021-01-21,nee,-0.01169744434068796,OSBS
2021-01-22,nee,0.0032623243384752253,OSBS
2021-01-23,nee,0.010843496647418332,OSBS
2021-01-24,nee,0.003982432857235972,OSBS
2021-01-25,nee,0.0012120987063326152,OSBS
2021-01-26,nee,-0.005637431622552603,OSBS
2021-01-27,nee,5.753019684959765e-4,OSBS
2021-01-28,nee,-0.010382251005489505,OSBS
2021-01-29,nee,-0.01632653465569469,OSBS
2021-01-30,nee,-0.004849599334476174,OSBS
2021-01-31,nee,-0.002540790626311099,OSBS
2021-02-01,nee,0.004513399122401323,OSBS
2021-02-02,nee,-0.006792971430650483,OSBS
2021-02-03,nee,-0.010156524409279276,OSBS
2021-02-04,nee,-0.016727196657603364,OSBS
2021-02-05,nee,0.008113733468276521,OSBS
2021-02-08,nee,-0.004582103050339479,OSBS
2021-02-09,nee,0.00647507731565615,OSBS
2021-02-10,nee,-0.002932270193271825,OSBS
2021-02-12,nee,0.016695043939862847,OSBS
2021-02-14,nee,0.005080010102755386,OSBS
2021-02-16,nee,-0.015307278212513724,OSBS
2021-02-17,nee,-0.01186041339051682,OSBS
2021-02-18,nee,-0.01930203167847356,OSBS
2021-02-20,nee,-0.024760018486500543,OSBS
2021-02-22,nee,-0.009780174414762748,OSBS
2021-02-23,nee,-0.0189379168799721,OSBS
2021-02-24,nee,-0.014662762040629638,OSBS
2021-02-25,nee,-0.011344377580802676,OSBS
2021-02-26,nee,-0.006753257683397698,OSBS
2021-02-27,nee,-0.01192524102530736,OSBS
2021-02-28,nee,-0.002974878330755481,OSBS
2021-03-01,nee,-0.005218522233746647,OSBS
2021-03-02,nee,0.011536678746046546,OSBS
2021-03-04,nee,-0.018850163958835896,OSBS
2021-03-05,nee,-0.018123952461764296,OSBS
2021-03-06,nee,-0.001392688311781178,OSBS
2021-03-07,nee,-0.01689842580998525,OSBS
2021-03-08,nee,-0.019783705290769216,OSBS
2021-03-09,nee,-0.009223747369696984,OSBS
2021-03-10,nee,-0.009502987866053504,OSBS
2021-03-11,nee,-0.01130228141789252,OSBS
2021-03-12,nee,-0.01578959733061263,OSBS
2021-03-13,nee,-0.02066534748666992,OSBS
2021-03-14,nee,-0.009252380460013565,OSBS
2021-03-15,nee,-0.02868736361991264,OSBS
2021-03-16,nee,-0.00441542592869384,OSBS
2021-03-17,nee,0.0027621304630370447,OSBS
2021-03-18,nee,0.01682402173539134,OSBS
2021-03-19,nee,-0.006718304300105923,OSBS
2021-03-20,nee,-0.007581026246104734,OSBS
2021-03-21,nee,0.005120047525916371,OSBS
2021-03-23,nee,-0.011367400822787609,OSBS
2021-03-24,nee,-0.02135888773031747,OSBS
2021-03-25,nee,-0.0064942869106726685,OSBS
2021-03-26,nee,0.005361748120507892,OSBS
2021-03-27,nee,-0.003952336912636527,OSBS
2021-03-28,nee,0.002007751424375973,OSBS
2021-03-29,nee,-0.016832361940271993,OSBS
2021-03-30,nee,-0.0022250513778808404,OSBS
2021-03-31,nee,-0.001414743654285923,OSBS
2021-04-01,nee,-0.011446980236015123,OSBS
2021-04-02,nee,-0.015489770777048932,OSBS
2021-04-04,nee,-0.016530651337267575,OSBS
2021-04-05,nee,-0.027891439526635253,OSBS
2021-04-06,nee,-0.018761763710795805,OSBS
2021-04-07,nee,-0.017590062731361347,OSBS
2021-04-08,nee,-0.01883669660789037,OSBS
2021-04-09,nee,-0.021819150787782564,OSBS
2021-04-10,nee,-0.009286201941249475,OSBS
2021-04-11,nee,-0.0012464361539019013,OSBS
2021-04-12,nee,-0.012062624944228679,OSBS
2021-04-13,nee,-0.012852043910422469,OSBS
2021-04-16,nee,-0.003978278005138026,OSBS
2021-04-22,nee,-0.014159116294672073,OSBS
2021-04-23,nee,-0.008494205362118028,OSBS
2021-04-24,nee,-0.023952877802011902,OSBS
2021-04-25,nee,0.001888701100124114,OSBS
2021-04-26,nee,-0.009076519649479968,OSBS
2021-04-27,nee,-0.009882644026233603,OSBS
2021-04-28,nee,-0.02064235564060731,OSBS
2021-05-14,nee,-0.017549019673353292,OSBS
2021-05-15,nee,-0.021938357488591603,OSBS
2021-05-16,nee,-0.00939368529751932,OSBS
2021-05-17,nee,-0.006365352474077094,OSBS
2021-05-18,nee,-0.0014958602472694238,OSBS
2021-05-20,nee,-0.010047090852427928,OSBS
2021-05-21,nee,-0.007574441326943426,OSBS
2021-06-23,nee,0.0027701437722090043,OSBS
2021-06-25,nee,0.01746621394315237,OSBS
2021-06-27,nee,0.021572550914871577,OSBS
2021-06-28,nee,0.005187090959710572,OSBS
2021-07-02,nee,-0.004335999575682803,OSBS
2021-07-03,nee,0.0067393291487209475,OSBS
2021-07-04,nee,0.019288212008234197,OSBS
2021-07-06,nee,0.007900262031833602,OSBS
2021-07-09,nee,9.914272931945396e-4,OSBS
2021-07-10,nee,-0.01801743946502304,OSBS
2021-07-13,nee,-0.011195909843960442,OSBS
2021-07-14,nee,-0.011904964804563845,OSBS
2021-07-15,nee,-0.018989520232371077,OSBS
2021-07-20,nee,0.004635523224766453,OSBS
2021-07-21,nee,0.004941816937506099,OSBS
2021-07-22,nee,-0.015769410320299285,OSBS
2021-07-23,nee,6.368010046622609e-4,OSBS
2021-07-24,nee,-0.033750099706835165,OSBS
2021-07-25,nee,-0.025548380693274645,OSBS
2021-07-26,nee,-0.016451017252999234,OSBS
2021-07-27,nee,0.003976571945198561,OSBS
2021-07-28,nee,0.003977626074403535,OSBS
2021-07-29,nee,-0.01119694392870998,OSBS
2021-07-30,nee,-0.012338607440125183,OSBS
2021-07-31,nee,-0.010658856240089465,OSBS
2021-08-01,nee,-0.008909779113251783,OSBS
2021-08-02,nee,-0.01159585628869253,OSBS
2021-08-03,nee,-0.00252597849169947,OSBS
2021-08-04,nee,-0.01087736208578677,OSBS
2021-08-05,nee,0.028460925740558928,OSBS
2021-08-06,nee,-0.006816897736613349,OSBS
2021-08-09,nee,-0.012770070162022987,OSBS
2021-08-10,nee,-0.01173923112257368,OSBS
2021-08-11,nee,-0.019135333078040957,OSBS
2021-08-13,nee,-0.02334281970384665,OSBS
2021-08-14,nee,1.561861027622055e-4,OSBS
2021-08-15,nee,-0.003240381543325881,OSBS
2021-08-16,nee,0.013051770268096587,OSBS
2021-08-17,nee,0.007414873514725869,OSBS
2021-08-18,nee,0.0010286420446389217,OSBS
2021-08-19,nee,-0.001214634862860699,OSBS
2021-08-20,nee,0.004448435472797936,OSBS
2021-08-21,nee,-0.008878982160126699,OSBS
2021-08-22,nee,0.015710947897240982,OSBS
2021-08-23,nee,0.007993682075322427,OSBS
2021-08-24,nee,0.007113595910234619,OSBS
2021-08-25,nee,-0.014430177329423324,OSBS
2021-08-26,nee,0.00501547932287125,OSBS
2021-08-27,nee,0.002086718512407607,OSBS
2021-08-28,nee,-0.0023919580424235994,OSBS
2021-08-29,nee,-0.005950547759531914,OSBS
2021-08-30,nee,-0.010071142469267418,OSBS
2021-08-31,nee,-0.014041072441686293,OSBS
2021-09-01,nee,0.022752924535323446,OSBS
2021-09-02,nee,-0.008031318362381914,OSBS
2021-09-03,nee,-0.015539779505597531,OSBS
2021-09-04,nee,-0.015947550581036564,OSBS
2021-09-05,nee,-0.011251236272649144,OSBS
2021-09-06,nee,-0.027385977452809872,OSBS
2021-09-07,nee,-0.03443946662771113,OSBS
2021-09-08,nee,-0.012807439936575099,OSBS
2021-09-09,nee,-0.014997808754010656,OSBS
2021-09-10,nee,-0.008639264698620884,OSBS
2021-09-11,nee,-3.059436136631731e-4,OSBS
2021-09-12,nee,-0.009415841917778738,OSBS
2021-09-13,nee,-0.0010781551311723338,OSBS
2021-09-14,nee,-0.005905107096531538,OSBS
2021-09-15,nee,-0.005954642520319381,OSBS
2021-09-16,nee,-0.010373459665414387,OSBS
2021-09-17,nee,-0.0032565287573149432,OSBS
2021-09-19,nee,-0.016240732192857293,OSBS
2021-09-20,nee,0.01664497066040675,OSBS
2021-09-21,nee,0.013421401360115636,OSBS
2021-09-22,nee,-0.008275770212428145,OSBS
2021-09-23,nee,-0.008238501623961758,OSBS
2021-09-24,nee,-0.015178811825838846,OSBS
2021-09-25,nee,3.681280840074302e-4,OSBS
2021-09-26,nee,0.001022984397927806,OSBS
2021-09-27,nee,-0.015859384928654234,OSBS
2021-09-28,nee,-9.364629472528813e-4,OSBS
2021-09-29,nee,-0.008922481320994808,OSBS
2021-09-30,nee,-0.008987661358137802,OSBS
2021-10-01,nee,0.0019814857564658065,OSBS
2021-10-02,nee,0.004929579966045538,OSBS
2021-10-03,nee,-0.003721516736831615,OSBS
2021-10-04,nee,-0.016672646052814592,OSBS
2021-10-05,nee,0.01059316209316852,OSBS
2021-10-07,nee,0.02215463754012686,OSBS
2021-10-08,nee,0.024052166688185907,OSBS
2021-10-09,nee,-0.006795501059823268,OSBS
2021-10-10,nee,-8.746609527739082e-4,OSBS
2021-10-11,nee,-0.009364120328506628,OSBS
2021-10-12,nee,-0.001275552442022427,OSBS
2021-10-14,nee,0.0011256502853516381,OSBS
2021-10-15,nee,-0.012112713126475721,OSBS
2021-10-16,nee,-0.002869266584824107,OSBS
2021-10-17,nee,-0.013394006255289704,OSBS
2021-10-18,nee,-0.030575490525843227,OSBS
2021-10-19,nee,-0.008483766461043749,OSBS
2021-10-20,nee,-0.012015152449699591,OSBS
2021-10-21,nee,-0.004616943927210911,OSBS
2021-10-22,nee,-0.007911722326511798,OSBS
2021-10-23,nee,-0.012076965716816511,OSBS
2021-10-26,nee,-1.30623875598161e-4,OSBS
2021-10-27,nee,-0.01304894973004051,OSBS
2021-10-28,nee,0.01205678663401498,OSBS
2021-10-29,nee,0.01097066776696242,OSBS
2021-10-31,nee,-0.010883497989395911,OSBS
2021-11-18,nee,0.00907771896586887,OSBS
2021-11-19,nee,-0.004209662921681901,OSBS
2021-11-20,nee,-0.008244751440564461,OSBS
2021-11-21,nee,-0.006847643757789156,OSBS
2021-11-24,nee,-0.021490883107260772,OSBS
2021-11-25,nee,-0.012926888954099287,OSBS
2021-11-26,nee,0.004440615208183504,OSBS
2021-11-27,nee,-0.009518445743316289,OSBS
2021-11-28,nee,-0.013473111941527057,OSBS
2021-11-29,nee,-0.008153716608417289,OSBS
2021-11-30,nee,-0.012514452850596722,OSBS
2021-12-01,nee,-0.017167744646223747,OSBS
2021-12-02,nee,-0.006986656810559238,OSBS
2021-12-03,nee,-0.0036180397282715255,OSBS
2021-12-04,nee,-0.016541012111839563,OSBS
2021-12-05,nee,-0.011202357619890024,OSBS
2021-12-06,nee,-0.010391825673313745,OSBS
2021-12-10,nee,-0.01904980645477347,OSBS
2021-12-11,nee,5.903397396748214e-4,OSBS
2021-12-12,nee,0.0038424487731420543,OSBS
2021-12-13,nee,4.845373073931049e-4,OSBS
2021-12-14,nee,0.003452342711776967,OSBS
2021-12-15,nee,7.593175916975743e-4,OSBS
2021-12-17,nee,1.7429658249537312e-4,OSBS
2021-12-18,nee,0.0026948055972763098,OSBS
2021-12-19,nee,0.026202541528149298,OSBS
2021-12-20,nee,0.01859293282733345,OSBS
2021-12-23,nee,-0.012437536489739139,OSBS
2021-12-24,nee,-0.011719535156613885,OSBS
2021-12-25,nee,-0.009327052848544749,OSBS
2021-12-26,nee,-0.006642544557154392,OSBS
2021-12-28,nee,-0.005171474816617853,OSBS
2021-12-29,nee,0.006383051667858332,OSBS
2021-12-30,nee,0.0032703130176644554,OSBS
2021-12-31,nee,0.005673296030148894,OSBS
2022-01-02,nee,0.00900966500423416,OSBS
2022-01-03,nee,0.004641154871606274,OSBS
2022-01-04,nee,-0.0073390849765193845,OSBS
2022-01-05,nee,-0.006947014904577085,OSBS
2022-01-06,nee,-0.006711918027243504,OSBS
2022-01-07,nee,-0.0018686981914531194,OSBS
2022-01-08,nee,9.814738475913654e-4,OSBS
2022-01-09,nee,-0.008813343320534208,OSBS
2022-01-10,nee,0.004630827109211196,OSBS
2022-01-11,nee,-0.005622501790727915,OSBS
2022-01-12,nee,-0.01644189980575747,OSBS
2022-01-13,nee,-0.003380946680119958,OSBS
2022-01-14,nee,-0.003908261234449986,OSBS
2022-01-15,nee,-0.013602932943821143,OSBS
2022-01-16,nee,-0.0023036968565075654,OSBS
2022-01-17,nee,-0.01067128179186326,OSBS
2022-01-18,nee,-0.008046267030995051,OSBS
2022-01-19,nee,-0.01286373332762011,OSBS
2022-01-20,nee,-0.004052310221788264,OSBS
2022-01-21,nee,0.010348238774184549,OSBS
2022-01-23,nee,-0.006887772039973649,OSBS
2022-01-24,nee,-0.007955282416500845,OSBS
2022-01-25,nee,-0.01083794751845028,OSBS
2022-01-27,nee,-0.007548951682405611,OSBS
2022-01-28,nee,-4.4938549193195693e-4,OSBS
2022-01-31,nee,-0.017027094441019804,OSBS
2022-02-01,nee,-0.01612316256232538,OSBS
2022-02-02,nee,-0.001509467870914806,OSBS
2022-02-03,nee,-0.007159428311959227,OSBS
2022-02-04,nee,-0.0024356843742133396,OSBS
2022-02-05,nee,-0.007124434479914192,OSBS
2022-02-08,nee,0.009688084046884676,OSBS
2022-02-16,nee,-0.010041110568900459,OSBS
2022-02-26,nee,-0.008785269146768923,OSBS
2022-02-27,nee,-0.016350285196076154,OSBS
2022-02-28,nee,0.004813429988029965,OSBS
2022-03-01,nee,-0.012883886596946932,OSBS
2022-03-02,nee,-0.01281034761861665,OSBS
2022-03-03,nee,-0.016195758039715697,OSBS
2022-03-04,nee,-0.007071215459272089,OSBS
2022-03-05,nee,-0.008414576024632617,OSBS
2022-03-06,nee,-0.003922269451781109,OSBS
2022-03-07,nee,-0.0036885815360110305,OSBS
2022-03-08,nee,0.0016139928260675502,OSBS
2022-03-09,nee,0.0107362856797729,OSBS
2022-03-14,nee,-0.014206992600095369,OSBS
2022-03-15,nee,0.008140962765595141,OSBS
2022-03-16,nee,-0.023210580913543208,OSBS
2022-03-17,nee,-0.011565084405579412,OSBS
2022-03-18,nee,-0.018280894327545656,OSBS
2022-03-19,nee,-0.014359980508286962,OSBS
2022-03-20,nee,-0.0020885667484851853,OSBS
2022-03-21,nee,-0.02474253827940196,OSBS
2022-03-22,nee,-0.01068646933404579,OSBS
2022-03-23,nee,0.012037334616411759,OSBS
2022-03-25,nee,0.001548389991912528,OSBS
2022-03-30,nee,0.001615124294226665,OSBS
2022-03-31,nee,0.019954326535440697,OSBS
2022-04-01,nee,-0.01957952837487793,OSBS
2022-04-03,nee,-0.013646545115325568,OSBS
2022-04-04,nee,-0.02417182495088789,OSBS
2022-04-05,nee,1.951043990231824e-4,OSBS
2022-04-06,nee,0.02063365919623036,OSBS
2022-04-07,nee,-1.921628829362321e-4,OSBS
2022-04-08,nee,0.007607236398814097,OSBS
2022-04-09,nee,-0.00967669196079383,OSBS
2022-04-10,nee,-0.010056934335567312,OSBS
2022-04-11,nee,-0.019230667336060044,OSBS
2022-04-12,nee,-0.005247751426663759,OSBS
2022-04-13,nee,0.013426299490074331,OSBS
2022-04-14,nee,-0.00884611473976257,OSBS
2022-04-15,nee,-0.013639387423746183,OSBS
2022-04-16,nee,-0.01775205203165359,OSBS
2022-04-17,nee,0.006157471309892558,OSBS
2022-04-18,nee,-0.005824760534450471,OSBS
2022-04-19,nee,-0.009264081293515688,OSBS
2022-04-20,nee,-0.0279763129529113,OSBS
2022-04-21,nee,-0.019821445745459833,OSBS
2022-04-22,nee,-0.020492691631641087,OSBS
2022-04-23,nee,-0.02330861459688042,OSBS
2022-04-24,nee,-0.014271163940445322,OSBS
2022-04-25,nee,-0.014293275655699631,OSBS
2022-04-26,nee,0.007953278310956234,OSBS
2022-09-21,nee,-0.01272070716749236,OSBS
2022-09-22,nee,0.018169344714854156,OSBS
2022-09-23,nee,0.002436305007594394,OSBS
2022-09-24,nee,-0.010569826956425664,OSBS
2022-09-25,nee,-0.010483931258893029,OSBS
2022-09-26,nee,-0.01787587038716999,OSBS
2022-09-27,nee,-0.02147489248116376,OSBS
2022-09-28,nee,0.03435758020833897,OSBS
2022-09-29,nee,0.01532666348769229,OSBS
2022-09-30,nee,-0.016308224736973735,OSBS
2022-10-01,nee,-0.018479078320655543,OSBS
2022-10-02,nee,-0.004239819000165793,OSBS
2022-10-03,nee,-0.02226999337972313,OSBS
2022-10-04,nee,-0.02471201294552703,OSBS
2022-10-05,nee,-9.853156627070824e-4,OSBS
2022-10-08,nee,-0.01219738174991175,OSBS
2022-10-09,nee,-0.020817123089000182,OSBS
2022-10-10,nee,-0.007541401581561051,OSBS
2022-10-11,nee,-0.01157037858269441,OSBS
2022-10-12,nee,-2.908544174739444e-4,OSBS
2022-10-13,nee,-0.005595616490259996,OSBS
2022-10-14,nee,-0.008588422032385195,OSBS
2022-10-15,nee,-0.001564784813911747,OSBS
2022-10-16,nee,0.0062944857683062275,OSBS
2022-10-17,nee,-0.0036963672212482444,OSBS
2022-10-18,nee,-0.004684969879476301,OSBS
2022-10-19,nee,-0.014201139984874267,OSBS
2022-10-20,nee,-0.022825864686483018,OSBS
2022-10-21,nee,-0.022169757870299477,OSBS
2022-10-22,nee,-0.020903191606677824,OSBS
2022-10-23,nee,-0.009950391329583985,OSBS
2022-10-24,nee,-0.0035280830432457863,OSBS
2022-10-25,nee,-0.002854385432215454,OSBS
2022-10-26,nee,0.0023109127285569973,OSBS
2022-10-27,nee,-0.0025908964165478033,OSBS
2022-10-28,nee,0.014630845118483612,OSBS
2022-10-29,nee,0.020509976354565813,OSBS
2022-10-30,nee,0.003315823762902303,OSBS
2022-11-01,nee,0.00559914303164845,OSBS
2022-11-02,nee,-0.002671703313539387,OSBS
2022-11-03,nee,0.003273263861777172,OSBS
2022-11-04,nee,-0.008916036356600945,OSBS
2022-11-06,nee,0.019097905366874512,OSBS
2022-11-25,nee,0.010610102976990624,OSBS
2022-11-26,nee,0.0075330104232069015,OSBS
2022-11-27,nee,0.003744397072245826,OSBS
2022-11-28,nee,-0.008554769891168226,OSBS
2022-11-29,nee,0.01159169790961268,OSBS
2022-11-30,nee,0.004332724462970088,OSBS
2022-12-01,nee,-0.010197674199104882,OSBS
2022-12-02,nee,-0.011138009719968832,OSBS
2022-12-03,nee,-1.1850509080697131e-4,OSBS
2022-12-04,nee,-0.0019018743087839511,OSBS
2022-12-05,nee,-0.004782068230303693,OSBS
2022-12-06,nee,0.003540885263069463,OSBS
2022-12-07,nee,-0.0016391558054514657,OSBS
2022-12-08,nee,0.00349097006781389,OSBS
2022-12-09,nee,-0.0013357238416234769,OSBS
2022-12-10,nee,-0.003975240317032184,OSBS
2022-12-11,nee,0.015575771213927123,OSBS
2022-12-12,nee,-0.0066268800093784155,OSBS
2022-12-13,nee,-0.014894856535979344,OSBS
2022-12-14,nee,-4.121854223054343e-4,OSBS
2022-12-15,nee,0.019194949963389354,OSBS
2022-12-16,nee,-0.01264343216767546,OSBS
2022-12-17,nee,-0.019366106149013976,OSBS
2022-12-18,nee,-0.010389855643047077,OSBS
2022-12-19,nee,-0.01727085236008376,OSBS
2022-12-20,nee,-1.271782167744655e-4,OSBS
2022-12-23,nee,9.123464912012596e-4,OSBS
2022-12-24,nee,0.0026550037454343223,OSBS
2022-12-25,nee,5.217310724156279e-4,OSBS
2022-12-26,nee,-0.003416769206707853,OSBS
2022-12-27,nee,-0.007607603108477791,OSBS
2022-12-28,nee,1.862048397995637e-4,OSBS
2022-12-29,nee,-0.006138883657683895,OSBS
2022-12-30,nee,0.004609024888025133,OSBS
2022-12-31,nee,0.012351850212067922,OSBS
2023-01-01,nee,0.010118675900276809,OSBS
2023-01-02,nee,-0.010871920840408271,OSBS
2023-01-03,nee,0.0022640130904683082,OSBS
2023-01-04,nee,0.012891424558993786,OSBS
2023-01-05,nee,-0.00485689248730735,OSBS
2023-01-06,nee,-0.004483543168779862,OSBS
2023-01-07,nee,-0.009346406348098673,OSBS
2023-01-09,nee,-0.006472655182773533,OSBS
2023-01-10,nee,-0.009737623902486819,OSBS
2023-01-12,nee,0.007311017079110452,OSBS
2023-01-13,nee,0.001869404931958672,OSBS
2023-01-14,nee,-0.005816105732008637,OSBS
2023-01-15,nee,-0.006515176975721756,OSBS
2023-01-16,nee,-0.004936167282458623,OSBS
2023-01-17,nee,-0.007371179588479067,OSBS
2023-01-18,nee,-0.008287804333976186,OSBS
2023-01-19,nee,-0.0028857452559836734,OSBS
2023-01-20,nee,-0.0030085468095347218,OSBS
2023-01-21,nee,0.009774878396200351,OSBS
2023-01-28,nee,-0.007024921038771114,OSBS
2023-01-29,nee,9.20840704172233e-5,OSBS
2023-01-30,nee,0.001955961690796354,OSBS
2023-01-31,nee,-0.007572240669403785,OSBS
2023-02-01,nee,-0.001746064258332761,OSBS
2023-02-02,nee,-0.012692687250673169,OSBS
2023-02-03,nee,0.025650754082199252,OSBS
2023-03-16,nee,-0.0014342121204002662,OSBS
2023-03-17,nee,0.01868848743099216,OSBS
2023-04-08,nee,-0.007245771339572334,OSBS
2023-04-10,nee,-0.01260434794356214,OSBS
2023-04-11,nee,-0.010129618886610403,OSBS
2023-04-16,nee,0.0013148003144965463,OSBS
2023-04-17,nee,-0.009093708486034288,OSBS
2023-04-18,nee,-0.023054925456657167,OSBS
2023-04-19,nee,-0.03572528260410227,OSBS
2023-04-20,nee,-0.017584760097865897,OSBS
2023-04-21,nee,-0.009028223754814052,OSBS
2023-04-22,nee,-0.01441194141647325,OSBS
2023-04-23,nee,-0.02921297866984128,OSBS
2023-04-24,nee,-0.006018819834556087,OSBS
2023-04-25,nee,-0.010465724575568578,OSBS
2023-04-26,nee,-0.01007968921656929,OSBS
2023-04-27,nee,-0.004452805759103418,OSBS
2023-05-02,nee,-0.014046164769768563,OSBS
2023-05-03,nee,-0.004869879160318566,OSBS
2023-05-05,nee,-0.014909475063433214,OSBS
2023-05-06,nee,-0.015199671545158475,OSBS
2023-05-07,nee,-0.02034314434915427,OSBS
2023-05-08,nee,-0.009929590801773502,OSBS
2023-05-09,nee,-0.037257280730310254,OSBS
2023-05-10,nee,-0.008467928051613744,OSBS
2023-05-12,nee,-0.028874454544110823,OSBS
2023-05-13,nee,-0.01556588235090496,OSBS
2023-05-14,nee,-0.00315557080900884,OSBS
2023-05-15,nee,-0.02099822045232789,OSBS
2023-05-16,nee,-0.0018442692463654764,OSBS
2023-05-17,nee,-0.0035414411365521036,OSBS
2023-05-18,nee,-0.020865072138617734,OSBS
2023-05-19,nee,-0.0181568080994018,OSBS
2023-05-20,nee,-0.00442902432429905,OSBS
2023-05-21,nee,-0.013242908134861564,OSBS
2023-05-23,nee,0.022815396972344987,OSBS
2023-05-24,nee,-0.010968008230084576,OSBS
2023-05-25,nee,-0.018793628686751055,OSBS
2023-05-26,nee,0.0016268410401370672,OSBS
2023-05-27,nee,-0.021782309005871543,OSBS
2023-05-28,nee,-0.02356450487873478,OSBS
2023-05-29,nee,-0.0087130491955516,OSBS
2023-05-30,nee,-0.024431144668977257,OSBS
2023-05-31,nee,-0.01335233077033496,OSBS
2023-06-01,nee,-0.008148717306832162,OSBS
2023-06-02,nee,-0.021496942650452135,OSBS
2023-06-03,nee,-0.01936204929862741,OSBS
2023-06-04,nee,-0.01999860906494087,OSBS
2023-06-05,nee,-0.01950192975134719,OSBS
2023-06-06,nee,-0.012344160063606871,OSBS
2023-06-07,nee,0.0018616131534814411,OSBS
2023-06-08,nee,-0.0014300264427541615,OSBS
2023-06-09,nee,0.010478079717418067,OSBS
2023-06-10,nee,0.001672073255682911,OSBS
2023-07-07,nee,-0.012318044364820846,OSBS
2023-07-08,nee,-0.0012771895509222691,OSBS
2023-07-09,nee,-0.001642313918260413,OSBS
2023-07-10,nee,0.0071887537239108965,OSBS
2023-07-11,nee,-0.0011545977139773976,OSBS
2023-07-12,nee,0.01083381778146136,OSBS
2023-07-28,nee,0.0016821814882425168,OSBS
2023-07-29,nee,0.010164762242792131,OSBS
2023-07-30,nee,0.0059050988573628995,OSBS
2023-07-31,nee,0.023376225254314723,OSBS
2023-08-01,nee,-0.0010563208485310314,OSBS
2023-08-02,nee,-0.01677854988998691,OSBS
2023-08-03,nee,0.025100154031787482,OSBS
2023-08-04,nee,0.0181039711596966,OSBS
2023-08-05,nee,-0.015352735447559565,OSBS
2023-08-06,nee,9.935111872518105e-4,OSBS
2023-08-07,nee,8.853753184423777e-4,OSBS
2023-08-08,nee,0.007027113341984597,OSBS
2023-08-09,nee,-0.0011821968705337737,OSBS
2023-08-10,nee,0.004465217097472266,OSBS
2023-08-11,nee,0.0028298652538275037,OSBS
2023-08-12,nee,-0.01653885611461984,OSBS
2023-08-13,nee,0.0011151835422750429,OSBS
2023-08-14,nee,0.005357458988862997,OSBS
2023-08-15,nee,1.13472311608644e-4,OSBS
2023-08-16,nee,0.02500775555947562,OSBS
2023-08-19,nee,0.001348240330177512,OSBS
2023-08-20,nee,0.009640086734991156,OSBS
2023-08-21,nee,0.006243589167720548,OSBS
2023-08-22,nee,-0.04815909684390345,OSBS
2023-08-23,nee,0.00272522852961673,OSBS
2023-08-24,nee,-0.009135174820678407,OSBS
2023-08-25,nee,-0.018318147684444577,OSBS
2023-08-26,nee,-0.0038150961461719153,OSBS
2023-08-27,nee,-0.02803365676870021,OSBS
2023-08-28,nee,-0.02106027734928543,OSBS
2023-08-29,nee,0.001387960228819138,OSBS
2023-08-30,nee,-0.004739186119537153,OSBS
2023-08-31,nee,0.0013670897398975247,OSBS
2023-09-01,nee,0.028939208211096093,OSBS
2023-09-02,nee,-0.0012203119037023937,OSBS
2023-09-03,nee,-0.00410132077550836,OSBS
2023-09-04,nee,-0.013658916868601845,OSBS
2023-09-05,nee,-0.026283598702132233,OSBS
2023-09-06,nee,-0.009341953475208572,OSBS
2023-09-10,nee,-0.014514893302099003,OSBS
2023-09-12,nee,-0.021439554616797203,OSBS
2023-09-13,nee,-0.011302381346620972,OSBS
2023-09-14,nee,-9.633246896096784e-4,OSBS
2023-09-16,nee,-0.01803001953143382,OSBS
2023-09-18,nee,-0.017480834110706094,OSBS
2023-09-19,nee,-0.008831352935418108,OSBS
2023-09-20,nee,0.0011416034247225888,OSBS
2023-09-21,nee,-0.0034367663599377024,OSBS
2023-09-22,nee,-0.016495899930209057,OSBS
2023-09-23,nee,-0.011159025473044175,OSBS
2023-09-24,nee,-0.007467049079904089,OSBS
2023-09-25,nee,-0.003034986715557961,OSBS
2023-09-26,nee,0.008606479912007822,OSBS
2023-09-27,nee,0.01660220270559156,OSBS
2023-09-28,nee,0.028545415703585934,OSBS
2023-09-29,nee,-0.004399152843844173,OSBS
2023-09-30,nee,0.004726988933583613,OSBS
2023-10-01,nee,-0.0018137567856192616,OSBS
2023-10-02,nee,-0.01411679269703131,OSBS
2023-10-03,nee,-0.008000816316100693,OSBS
2023-10-04,nee,8.52481268080226e-5,OSBS
2023-10-05,nee,0.01062996028678567,OSBS
2023-10-07,nee,-3.4903393341224816e-4,OSBS
2023-10-08,nee,-0.014697954837393312,OSBS
2023-10-09,nee,-0.02965663126099523,OSBS
2023-10-10,nee,-0.03077775727935409,OSBS
2023-10-11,nee,0.032572646207052754,OSBS
2023-10-13,nee,0.011814813502896574,OSBS
2023-10-14,nee,0.004938077335272411,OSBS
2023-10-15,nee,-0.007188259638542763,OSBS
2023-10-16,nee,-0.010504771255263588,OSBS
2023-10-17,nee,-0.018559766835456716,OSBS
2023-10-18,nee,-0.0205850113519548,OSBS
2023-10-19,nee,0.008664286305698678,OSBS
2023-10-20,nee,-0.014316228111672429,OSBS
2023-10-21,nee,-0.009217910319775433,OSBS
2023-10-22,nee,-0.01386935795925236,OSBS
2023-10-23,nee,-0.007993819825941672,OSBS
2023-11-24,nee,0.0024471405034552367,OSBS
2023-11-25,nee,-0.012838190593957882,OSBS
2023-11-26,nee,0.03213326921773046,OSBS
2023-11-28,nee,-0.005865235643130842,OSBS
2023-11-29,nee,-0.01057086661620847,OSBS
2023-11-30,nee,-0.008593887313652522,OSBS
2023-12-01,nee,-0.008360459956774436,OSBS
2023-12-02,nee,0.01758344011119914,OSBS
2023-12-03,nee,0.02344291341654758,OSBS
2023-12-04,nee,0.012774217863623528,OSBS
2023-12-05,nee,-0.006117758157662211,OSBS
2023-12-06,nee,-0.008758757163924737,OSBS
2023-12-07,nee,-0.010009191205506592,OSBS
2023-12-19,nee,-0.007805196157634221,OSBS
2023-12-20,nee,-0.010537180122860796,OSBS
2023-12-21,nee,-0.007310710793934284,OSBS
2023-12-22,nee,-0.00193393854435163,OSBS
2023-12-23,nee,-0.0018881995360707784,OSBS
2023-12-24,nee,0.0020927105948698485,OSBS
2023-12-25,nee,0.021816413620702486,OSBS
2023-12-26,nee,0.003075258538762527,OSBS
2023-12-27,nee,0.00898172539005758,OSBS
2023-12-28,nee,0.012675522923834472,OSBS
2023-12-29,nee,-0.00945233110821044,OSBS
2023-12-30,nee,-0.017437470792580626,OSBS
2023-12-31,nee,-0.01951327801391749,OSBS
2024-01-01,nee,-0.012930065604288584,OSBS
2024-01-06,nee,-0.012365085237214248,OSBS
2024-01-19,nee,-0.007325250702108857,OSBS
2024-01-20,nee,-0.008224080961082013,OSBS
2024-01-21,nee,-0.009935788324760933,OSBS
2024-01-23,nee,-0.0030825460454306374,OSBS
2024-01-25,nee,0.0033851543141701856,OSBS
2024-01-26,nee,-0.009840092702249573,OSBS
2024-01-27,nee,-0.0063427243364031225,OSBS
2024-01-28,nee,0.005265060346939622,OSBS
2024-01-29,nee,-0.01595287425498713,OSBS
2024-01-30,nee,-0.01588363803675166,OSBS
2024-01-31,nee,-0.004232125099544885,OSBS
2024-02-01,nee,-0.021123944381462336,OSBS
2024-02-02,nee,-0.020833128196521274,OSBS
2024-02-03,nee,-0.017998295348790556,OSBS
2024-02-04,nee,0.005400832897896563,OSBS
2024-02-05,nee,0.004634200850044971,OSBS
2024-02-06,nee,-0.0119775381072288,OSBS
2024-02-07,nee,-0.016160932491653245,OSBS
2024-02-08,nee,-0.009811672612061713,OSBS
2024-02-09,nee,-0.004573055535907659,OSBS
2024-02-11,nee,-0.0012097150285415557,OSBS
2024-02-12,nee,0.007966459184885526,OSBS
2024-02-13,nee,-0.00706823381541193,OSBS
2024-02-14,nee,-0.007657025207129524,OSBS
2024-02-15,nee,4.85962068010643e-5,OSBS
2024-02-17,nee,0.010327023984888259,OSBS
2024-02-20,nee,-0.007979105325441004,OSBS
2024-02-21,nee,-0.03144473290752305,OSBS
2024-02-22,nee,-0.012942739819451557,OSBS
2024-02-23,nee,0.007756818615697055,OSBS
2024-02-24,nee,-0.005931461605617008,OSBS
2024-02-25,nee,-0.010566717051611295,OSBS
2024-02-26,nee,-0.025951943916761616,OSBS
2024-02-27,nee,-0.023220520814586327,OSBS
2024-02-28,nee,-0.009701877904894702,OSBS
2024-02-29,nee,-0.018180575169661255,OSBS
2024-03-01,nee,-0.008691821354168431,OSBS
2024-03-02,nee,0.004492836196312697,OSBS
2024-03-03,nee,-4.927250355698787e-4,OSBS
2024-03-06,nee,0.005447490655895588,OSBS
2024-03-07,nee,-0.010528282191947114,OSBS
2024-03-08,nee,0.004839588161212357,OSBS
2024-03-09,nee,0.008368633162563232,OSBS
2024-03-10,nee,0.0029653758635723748,OSBS
2024-03-11,nee,-0.012531938649950555,OSBS
2024-03-12,nee,-0.012408158900956956,OSBS
2024-03-13,nee,-0.00684371260950885,OSBS
2024-03-15,nee,0.007803227551342527,OSBS
2024-03-16,nee,-0.004954426658806728,OSBS
2024-03-17,nee,0.001367573196627404,OSBS
2024-03-18,nee,0.010571156009027461,OSBS
2024-03-19,nee,-0.01756225520562818,OSBS
2024-03-20,nee,-0.010614536794327648,OSBS
2024-04-18,nee,-0.01391167944117109,OSBS
2024-04-19,nee,-0.016545783874029326,OSBS
2024-04-20,nee,-0.015314806622262511,OSBS
2024-04-21,nee,-0.01257688296997584,OSBS
2024-04-22,nee,-0.021541417298600558,OSBS
2024-04-23,nee,-0.029532558087894043,OSBS
2024-04-24,nee,-0.01597860955393318,OSBS
2024-04-25,nee,-0.02993115837392734,OSBS
2024-04-26,nee,-0.023375400836854077,OSBS
2024-04-27,nee,-0.014936287693836911,OSBS
2024-04-28,nee,-0.02323639837181429,OSBS
2024-04-29,nee,-0.01924333342355833,OSBS
2024-04-30,nee,-0.020917165216644662,OSBS
2024-05-01,nee,-0.002166023095731908,OSBS
2024-05-02,nee,-0.009976754903250376,OSBS
2024-05-03,nee,-0.003924807735095233,OSBS
2024-05-04,nee,-0.013643021826596654,OSBS
2024-05-05,nee,-0.012067240387086063,OSBS
2024-05-06,nee,-0.014058289532940645,OSBS
2024-05-07,nee,-0.014191578012717256,OSBS
2024-05-10,nee,0.004572481710503887,OSBS
2024-05-11,nee,0.014009232543616721,OSBS
2024-05-12,nee,0.0033838066026717433,OSBS
2024-05-13,nee,0.02315819070909708,OSBS
2024-05-14,nee,0.004114162730779769,OSBS
2024-05-15,nee,0.008063830501287596,OSBS
2024-05-16,nee,0.007492358221713135,OSBS
2024-05-23,nee,0.005645104103434843,OSBS
2024-05-24,nee,-0.0015059507262260923,OSBS
2024-05-29,nee,1.1177331209722e-6,OSBS
2024-05-30,nee,-0.005634966015659342,OSBS
2024-05-31,nee,0.019096202769213505,OSBS
2024-06-01,nee,0.011909731428754497,OSBS
2024-06-14,nee,-0.004723560929240829,OSBS
2024-06-15,nee,0.006897028552218819,OSBS
2024-06-16,nee,0.005001065742265169,OSBS
2024-06-18,nee,0.008583354188355851,OSBS
2024-06-20,nee,-9.73553640774188e-5,OSBS
2024-06-21,nee,0.006267220220683521,OSBS
2024-06-23,nee,0.013162488052904596,OSBS
2024-06-24,nee,0.022352466519427662,OSBS
2024-06-25,nee,0.008437947126224367,OSBS
2024-06-26,nee,0.0022028621987022767,OSBS
2024-06-27,nee,-0.003067611973758536,OSBS
2024-06-28,nee,0.021773608743284618,OSBS
2024-06-30,nee,0.01082636394640006,OSBS
2024-07-01,nee,0.014573496720237165,OSBS
2024-07-02,nee,0.008982928322748322,OSBS
2024-07-03,nee,0.003964707249523367,OSBS
2024-07-04,nee,-0.003401703818493306,OSBS
2024-07-05,nee,-0.0031091409364111624,OSBS
2024-07-06,nee,-0.011582355337845645,OSBS
2024-07-07,nee,-6.26920840638429e-5,OSBS
2024-07-08,nee,0.023268817953683997,OSBS
2024-07-09,nee,0.004343640621089299,OSBS
2024-07-10,nee,0.01600418313240773,OSBS
2024-07-11,nee,-0.0042608097616286915,OSBS
2024-07-12,nee,0.020505529085126175,OSBS
2024-07-13,nee,0.041766871643101916,OSBS
2024-07-14,nee,0.02805631161422368,OSBS
2024-07-15,nee,0.01948630977718167,OSBS
2024-07-16,nee,-0.0012308989434331973,OSBS
2024-07-17,nee,0.007390804731660008,OSBS
2024-07-18,nee,0.017228208320860958,OSBS
2024-07-19,nee,0.010084715569426994,OSBS
2024-07-20,nee,0.01809524490404732,OSBS
2024-07-21,nee,0.0018920888774892708,OSBS
2024-07-22,nee,0.01609128639420297,OSBS
2024-07-26,nee,0.014234584438298859,OSBS
2024-07-27,nee,0.028144957077712737,OSBS
2024-07-28,nee,0.021819305034921292,OSBS
2024-07-29,nee,0.008884130431105178,OSBS
2024-07-30,nee,1.659454003537469e-4,OSBS
2024-07-31,nee,0.016536958069590196,OSBS
2024-08-01,nee,-0.025744510132601532,OSBS
2024-08-02,nee,-0.006612431614245904,OSBS
2024-08-03,nee,0.0015286725406527544,OSBS
2024-08-04,nee,0.011710276524019283,OSBS
2024-08-09,nee,-0.006395673538013954,OSBS
2024-08-10,nee,0.028136993344510197,OSBS
2024-08-11,nee,0.011811206529620415,OSBS
2024-08-12,nee,0.0012678353646938631,OSBS
2024-08-13,nee,0.00695274987660603,OSBS
2024-08-14,nee,-0.008006714850855481,OSBS
2024-08-15,nee,-0.009449058159518001,OSBS
2024-08-16,nee,-0.00947338569439804,OSBS
2024-08-17,nee,-0.023918298183684673,OSBS
2024-08-18,nee,0.0017608868487749589,OSBS
2024-08-19,nee,-0.01077761778808934,OSBS
2024-08-20,nee,-0.031106189267191293,OSBS
2024-08-21,nee,-0.019425930506730575,OSBS
2024-08-22,nee,0.0033508982831213043,OSBS
2024-08-23,nee,-0.00734301887079046,OSBS
2024-08-24,nee,-0.00856173993738283,OSBS
2024-08-25,nee,-0.003975898249280912,OSBS
2024-08-26,nee,-0.0021742603792382106,OSBS
2024-08-28,nee,-0.0050433050751652045,OSBS
2024-08-29,nee,-0.011930684295726546,OSBS
2024-08-30,nee,-0.027486616388875087,OSBS
2024-08-31,nee,-0.005704660546978879,OSBS
2024-09-01,nee,-0.0135884998900294,OSBS
2024-09-02,nee,-0.006959630057780357,OSBS
2024-09-03,nee,0.018746254013859927,OSBS
2024-09-04,nee,0.005641050332777725,OSBS
2024-09-07,nee,-7.919357058135595e-4,OSBS
2024-09-08,nee,0.004373500565704801,OSBS
2024-09-09,nee,-0.008076099818971564,OSBS
2024-09-10,nee,0.008665945513269087,OSBS
2024-09-11,nee,0.0160360823483579,OSBS
2024-09-13,nee,0.01597001260168181,OSBS
2024-09-14,nee,0.0037945869761741432,OSBS
2024-09-15,nee,-0.011156324830569496,OSBS
2024-09-16,nee,-0.0017026608557321788,OSBS
2024-09-17,nee,-0.02451414175907042,OSBS
2024-09-18,nee,0.02724563205176503,OSBS
2024-09-19,nee,-0.004570673287599543,OSBS
2024-09-20,nee,-0.019751887721313137,OSBS
2024-09-21,nee,-0.02025763152703895,OSBS
2024-09-22,nee,-0.013396596305895101,OSBS
2024-09-23,nee,-0.02071710369844318,OSBS
2024-09-24,nee,-0.0036308443106268856,OSBS
2024-09-25,nee,0.009852538794927061,OSBS
2024-09-26,nee,0.022353221286719883,OSBS
2024-09-27,nee,-0.025246559178507672,OSBS
2024-09-28,nee,0.006432224344766566,OSBS
2024-09-29,nee,-0.0030905913128844364,OSBS
2024-09-30,nee,-1.342188341757532e-4,OSBS
2024-10-01,nee,0.016258021383632307,OSBS
2024-10-02,nee,-0.0031057429779298824,OSBS
2024-10-04,nee,0.00402071570165663,OSBS
2024-10-05,nee,0.001914784807995219,OSBS
2024-10-06,nee,0.029221960470707607,OSBS
2024-10-07,nee,0.014253042059594665,OSBS
2024-10-08,nee,-0.022045409982264192,OSBS
2024-10-11,nee,-0.0073978011361466025,OSBS
2024-10-12,nee,-0.016753222624999804,OSBS
2024-10-13,nee,0.0013234167397273148,OSBS
2024-10-14,nee,-0.01524549756681362,OSBS
2024-10-15,nee,-0.015369532130254143,OSBS
2024-10-16,nee,-0.01004552366596909,OSBS
2024-10-17,nee,-0.01940229156745383,OSBS
2024-10-18,nee,-0.016399606413800078,OSBS
2024-10-19,nee,-0.002322195230224034,OSBS
2024-10-20,nee,-0.0036786674506535458,OSBS
2024-10-21,nee,-0.006050543958587367,OSBS
2024-10-22,nee,-0.0048766878963061025,OSBS
2024-10-23,nee,-0.007374523786608943,OSBS
2024-10-24,nee,-0.013253829448942213,OSBS
2024-10-25,nee,-0.01985492273744769,OSBS
2024-10-26,nee,-0.028854916073819722,OSBS
2024-10-27,nee,-0.017132428048345326,OSBS
2024-10-28,nee,-0.0045967312468725855,OSBS
2024-10-29,nee,0.004772838651829869,OSBS
2024-10-30,nee,0.004378617121225697,OSBS
2024-11-07,nee,0.01705888509119499,OSBS
2024-11-08,nee,0.0059311998639699735,OSBS
2024-11-09,nee,0.004416781810234517,OSBS
2024-11-10,nee,0.021054660359767666,OSBS
2024-11-11,nee,0.0012644471031366363,OSBS
2024-11-12,nee,0.007143919072697572,OSBS
2024-11-13,nee,-0.003784424948278187,OSBS
2024-11-14,nee,0.002009396044127777,OSBS
2024-11-15,nee,-0.006870455173672794,OSBS
2024-11-16,nee,-0.014982591796511882,OSBS
2024-11-17,nee,-0.0038818288699205596,OSBS
2024-11-18,nee,0.0020382470896978177,OSBS
2024-11-19,nee,-0.00465128222392645,OSBS
2024-11-20,nee,0.002986417216369935,OSBS
2024-11-21,nee,-0.009007386322652336,OSBS
2024-11-22,nee,-0.008493907872867485,OSBS
2024-11-23,nee,-0.013859261695677992,OSBS
2024-12-03,nee,-0.012928667723126992,OSBS
2024-12-04,nee,-0.014398772881412064,OSBS
2024-12-05,nee,-0.0157936183212388,OSBS
2024-12-06,nee,-0.013792929865731796,OSBS
2024-12-07,nee,-0.013480976256994737,OSBS
2024-12-08,nee,-0.013351827863306054,OSBS
2024-12-09,nee,-0.009211265877149362,OSBS
2024-12-10,nee,-0.0068481361180169325,OSBS
2024-12-11,nee,0.007514035903552124,OSBS
2024-12-12,nee,-0.002915910075107697,OSBS
2024-12-13,nee,-0.015495146013453932,OSBS
2024-12-14,nee,-0.00798817883672178,OSBS
2024-12-15,nee,-0.0011490645394968706,OSBS
2024-12-16,nee,-0.008102217804335895,OSBS
2024-12-18,nee,-0.00815036297201583,OSBS
2024-12-20,nee,-0.008981036602544798,OSBS
2024-12-21,nee,-0.0073859724419459965,OSBS
2024-12-22,nee,-0.015088750739073363,OSBS
2024-12-23,nee,-0.0012807758313459882,OSBS
2024-12-25,nee,-0.005250951199858896,OSBS
2024-12-26,nee,-0.00986977488874094,OSBS
2024-12-29,nee,0.01706057552220599,OSBS
2025-01-01,nee,-0.003951897168702917,OSBS
2025-01-02,nee,-0.009790034233476828,OSBS
2025-01-03,nee,-0.01071598842179999,OSBS
2025-01-04,nee,-0.006380935695281581,OSBS
2025-01-05,nee,-0.0069358628959427316,OSBS
2025-01-06,nee,4.9196008305149996e-6,OSBS
2025-01-07,nee,-0.008480626554858449,OSBS
2025-01-11,nee,0.0047568779124073975,OSBS
2025-01-12,nee,-0.00855512237598397,OSBS
2025-01-13,nee,0.010630840698493403,OSBS
2025-01-14,nee,-0.012676810886033021,OSBS
2025-01-15,nee,-0.003361928301465293,OSBS
2025-01-16,nee,-0.008299679092059175,OSBS
2025-01-17,nee,-0.011673129858794304,OSBS
2025-01-18,nee,-0.005488711223504151,OSBS
2025-01-20,nee,-0.004761252885944481,OSBS
2025-01-21,nee,0.004396938827620941,OSBS
2025-01-22,nee,-0.005772781331647627,OSBS
2025-01-24,nee,-0.007195609526205282,OSBS
2025-01-25,nee,-0.015052353457669537,OSBS
2025-01-26,nee,-0.011251663722937306,OSBS
2025-01-27,nee,-0.0186600629800102,OSBS
2025-01-28,nee,-0.0059835208165499474,OSBS
2025-01-29,nee,-0.004516283423349728,OSBS
2025-01-30,nee,-0.01077135728060863,OSBS
2025-01-31,nee,-0.005784208870489427,OSBS
2025-02-01,nee,-0.00618542008138678,OSBS
2025-02-02,nee,-0.010708322951707053,OSBS
2025-02-03,nee,-0.0020226885708115607,OSBS
2025-02-04,nee,-0.007440490209774053,OSBS
2025-02-05,nee,-0.007943273056077877,OSBS
2025-02-06,nee,-0.005973754676673076,OSBS
2025-02-07,nee,-0.007733329488134773,OSBS
2025-02-08,nee,-0.0103464493524485,OSBS
2025-02-09,nee,-0.011956597174343069,OSBS
2025-02-10,nee,-0.003660578955980823,OSBS
2025-02-11,nee,-0.0014595453968480401,OSBS
2025-02-12,nee,0.004387117150602418,OSBS
2025-02-13,nee,0.001805251011844565,OSBS
2025-02-14,nee,-0.0062242329501835825,OSBS
2025-02-15,nee,-0.003104798283897314,OSBS
2025-02-16,nee,0.01489948080658194,OSBS
2025-02-17,nee,-0.01116000670000609,OSBS
2025-02-18,nee,-0.006350282163259734,OSBS
2025-02-19,nee,0.01360308985395986,OSBS
2025-02-21,nee,-0.009469770738837294,OSBS
2025-02-22,nee,-0.01171378358519963,OSBS
2025-02-23,nee,-0.013149460291561894,OSBS
2025-02-25,nee,-0.0037592085879262073,OSBS
2025-02-26,nee,-0.0019327743991455024,OSBS
2025-02-27,nee,-0.01608866944382068,OSBS
2025-02-28,nee,-0.008024003720845784,OSBS
2025-03-01,nee,-0.010970840062589011,OSBS
2025-03-02,nee,-0.010631756260651326,OSBS
2025-03-03,nee,-0.013166360939650179,OSBS
2025-03-04,nee,-0.009089198373497738,OSBS
2025-03-05,nee,5.780430578815046e-4,OSBS
2025-03-06,nee,-0.007072548517161318,OSBS
2025-03-07,nee,-0.009198574432292349,OSBS
2025-03-08,nee,0.006032397872427318,OSBS
2025-03-09,nee,0.010484721394125788,OSBS
2025-03-10,nee,-0.006461564727110615,OSBS
2025-03-11,nee,-0.004382300671088571,OSBS
2025-03-12,nee,-0.007751219614545488,OSBS
2025-03-13,nee,-0.0027739321104567026,OSBS
2025-03-14,nee,-9.20064873188864e-5,OSBS
2025-03-15,nee,-7.066999457820837e-4,OSBS
2025-03-16,nee,0.023537826449954197,OSBS
2025-03-17,nee,-2.4390021291185952e-4,OSBS
2025-03-18,nee,-0.008877114965062485,OSBS
2025-03-19,nee,-0.009964907456998464,OSBS
2025-03-20,nee,-0.003922324001574239,OSBS
2025-03-21,nee,-0.011749697427110928,OSBS
